[
    {
        "artist_id": "magicmusicsquad",
        "contacts": [
            "https://www.youtube.com/channel/UCvPEAQpwshXJ6N0oS5xQCpA\">Magic",
            "demo@magicmusic.io",
            "https://soundcloud.com/magicrecord\">Soundcloud",
            "https://www.instagram.com/magicmusicsquad/\">Instagram",
            "https://www.facebook.com/magicmusicsquad/\">Facebook</a>",
            "@magicmusic"
        ]
    },
    {
        "artist_id": "spotify",
        "contacts": [
            "https://www.instagram.com/ronniefieg/\">Ronnie",
            "https://jujutsukaisen.jp/\">\u300c\u546a\u8853\u5efb\u6226\u300d</a>",
            "https://kazuhisauragami.com/\">",
            "https://www.youtube.com/watch?v=QVloM9fOGoU\">"
        ]
    },
    {
        "artist_id": "digster.fm",
        "contacts": [
            "https://lnk.to/EndOfYearSaleOS\">All"
        ]
    },
    {
        "artist_id": "kfvshl89wr6t8eevqv4t2igdq",
        "contacts": [
            "https://landing.theblndr.com/\">Check"
        ]
    },
    {
        "artist_id": "ar_records",
        "contacts": [
            "https://soundcloud.com/doubletriplets\">SoundCloud</a>",
            "https://www.instagram.com/doubletriplets/\">Instagram</a>",
            "https://twitter.com/doubletriplets\">Twitter</a>"
        ]
    },
    {
        "artist_id": "9lmp1l3qs458s6amqsbb25fm0",
        "contacts": [
            "@seiromem"
        ]
    },
    {
        "artist_id": "bobsmusicbox",
        "contacts": [
            "submitmusichere@outlook.com",
            "@outlook"
        ]
    },
    {
        "artist_id": "edmjoy",
        "contacts": [
            "https://edmjoy.com/\">EDMJoy.com</a>.",
            "https://edmjoy.com\">EDM"
        ]
    },
    {
        "artist_id": "yo0l685owoyorhlcmp246u4w0",
        "contacts": [
            "@outlook",
            "edmcrime@outlook.com"
        ]
    },
    {
        "artist_id": "irs5z2hd2dgo6xqyfxpkvevhx",
        "contacts": [
            "http://enforceflix.com\">OFFICIAL"
        ]
    },
    {
        "artist_id": "",
        "contacts": [
            "@highfivemusicrecords",
            "https://instagram.com/tribaltrap\">@tribaltrap</a>",
            "https://www.instagram.com/eonitymusic/\">Instagram</a>",
            "https://www.facebook.com/audiogroovefestival\">AudioGroove",
            "@tribaltrap",
            "http://facebook.com/stisema\">FACEBOOK</a>",
            "@jessenthebenezer",
            "demos@highfivemusicrecords.com",
            "digitalempirerecords1@gmail.com",
            "shenstonpeterus@gmail.com",
            "https://instagram.com/weloveasere/\">@weloveasere</a>",
            "@yzymusic",
            "@Arma",
            "marcozinato08@gmail.com",
            "@dannychris",
            "@verseaumusicgroup",
            "@dropcentralmusic",
            "@hotmail",
            "@ampside",
            "demo@superlative.su",
            "@nmstmusic",
            "http://Twitterhttps://twitter.com/Gramatik\">Twitter</a>",
            "info@bluemanofficial.com",
            "@emcyrecords",
            "submissions@triasofficial.com",
            "@djdavidmarquez",
            "https://thebestplaylistsever.com/lp/artist-submit/\">",
            "@gabrielwittner",
            "@puffcornmusic",
            "https://linktr.ee/OfficinaSonoraMusic\">&gt;OFFICIAL",
            "@biprecords",
            "info@digitalcurrensy.com",
            "firebirdplaylists@gmail.com",
            "cgvemusic.demos@gmail.com",
            "@wooksofwilshire",
            "http://instagram.com/sslmusicofficial\">SSL",
            "@seiromem",
            "@mauricelessing",
            "@itsmecatch",
            "@andreacasta",
            "musicbyritik@gmail.com",
            "http://Instagram.com/davidpuentez\">Instagram</a>",
            "@PlaylistSubs",
            "@imatolosa",
            "https://www.facebook.com/gramatik\">Facebook</a>",
            "@theroyalwave",
            "theedmdealer@gmail.com",
            "@lauvia",
            "http://bit.ly/stisemaonspotify\">STISEMA</a>.",
            "@therealchelzzz",
            "Toujoursnoirlabel@gmail.com",
            "@clippersmusic",
            "@fabianfarell",
            "@Jamesgodfrey",
            "contato@ampside.com",
            "https://goo.gl/xpuAnLhttp</a>",
            "franck@verseaumusicgroup.com",
            "@mwitalent",
            "@jaxonviaan",
            "franck@lauvia.com",
            "https://thebestplaylistsever.com/lp/artist-submit/\">Click",
            "https://linktr.ee/OfficinaSonoraMusic\">OFFICIAL",
            "@jaydixie",
            "saramarzo9090@gmail.com",
            "https://www.instagram.com/rudeejayofficial\">Instagram</a>,",
            "https://www.instagram.com/neversleepsongs/\">Instagram</a>",
            "https://instagram.com/clippersounds\">Instagram</a>",
            "@slapcitysunday",
            "gokayekinmusic@gmail.com",
            "@profimusiccom",
            "https://Eonity.co\">Eonity.co</a>",
            "@jamesgodfrey",
            "@bluemanofficial",
            "@sekoramusic",
            "https://www.tiktok.com/@rudeejayofficial?_t=8Xok1jMO8VZ&amp;_r=1\">TikTok</a>!",
            "toptracksplaylists@gmail.com",
            "@europeunderground",
            "https://www.sslmusic.net/\">https://www.sslmusic.net</a>",
            "@deepbearrecordings",
            "contato@neversleepsongs.com",
            "@blancoynegro",
            "info@profimusic.com",
            "@ritix_music",
            "@triasofficial",
            "@nataliegottmann",
            "clipperssounds@clippersmusic.org",
            "https://www.submithub.com/to/inmersive-sounds\">Submissions</a>",
            "hello@jaxonviaan.com",
            "@neversleepsongs",
            "collaborations@andreacasta.com",
            "submit@ps-livesound.de",
            "@frozenheartmusic",
            "@clovrrecords",
            "https://www.songrocket.com\">Submit</a>",
            "@ps",
            "chritleaf@hotmail.com",
            "https://highfivemusic.fanlink.to/Records\">Here</a>.",
            "@NicJohnston",
            "digital@blancoynegro.com",
            "https://instagram.com/deepbearrecordings\">@deepbearrecordings</a>",
            "@alyshamkatherinemusic",
            "@profimusic",
            "@deeplove_playlist",
            "@digitalcurrensy",
            "https://VA.lnk.to/qjl-SSd\">https://VA.lnk.to/qjl-SSd</a>",
            "@gmail",
            "demo.mintvibe@gmail.com",
            "https://www.songrocket.com\">Submit",
            "@rudeejayofficial",
            "chiragkumar@cpyticrecords.com",
            "@monk",
            "@cpyticrecords",
            "Submissions@biprecords.com",
            "jay@jaydixie.com",
            "https://www.instagram.com/luk__music/\">Instagram</a>",
            "@superlative",
            "@hyunaentertainment",
            "@peanutbettermusic",
            "info@fabianfarell.com",
            "https://www.labelradar.com/labels/blancoynegro/portal\">Send",
            "https://www.soundcloud.com/rudeejay\">SoundCloud</a>",
            "@dominicstrike",
            "tiktokhits2020playlist@gmail.com",
            "pitch@soarplaylists.com",
            "@mclivinit",
            "indeliciousmusic@gmail.com",
            "http://instagram.com/stisema\">INSTAGRAM</a>!",
            "@fabrizio",
            "@twofactsmusic",
            "demo@hyunaentertainment.xyz",
            "@soarplaylists",
            "@ItsWesleyFransen",
            "selection@dominicstrike.com",
            "@youngclawrecords",
            "promotion.subzero@gmail.com",
            "@weloveasere",
            "https://www.instagram.com/gramatik_lowtemp/\">Instagram</a>"
        ]
    },
    {
        "artist_id": "drake",
        "contacts": [
            "http://OVOsound.com\">OVOsound.com</a>"
        ]
    },
    {
        "artist_id": "kaskadeofficial",
        "contacts": [
            "http://smarturl.it/KaskadeAutomatic_IT</a>"
        ]
    },
    {
        "artist_id": "lundqvl",
        "contacts": [
            "@PopPlaylister"
        ]
    },
    {
        "artist_id": "iamjakoban",
        "contacts": [
            "https://www.instagram.com/itsdifferentbiz/\">Instagram</a>"
        ]
    },
    {
        "artist_id": "enriquerv96",
        "contacts": [
            "@gmail",
            "enriquerv96@gmail.com"
        ]
    },
    {
        "artist_id": "alltrapnation",
        "contacts": [
            "http://youtube.com/alltrapnation\">Trap"
        ]
    },
    {
        "artist_id": "easportsaudio",
        "contacts": [
            "https://www.easports.com/fifa/news/2016/fifa-17-soundtrack\">here</a>"
        ]
    },
    {
        "artist_id": "eonitymusic",
        "contacts": [
            "https://Eonity.co\">Eon</a>",
            "https://Eonity.co\">Eonity.co</a>",
            "https://www.instagram.com/eonitymusic/\">EonityMusic</a>!",
            "https://www.instagram.com/eonitymusic/\">Instagram</a>",
            "https://Eonity.co\">Eonity</a>"
        ]
    },
    {
        "artist_id": "1268035970",
        "contacts": [
            "http://www.facebook.com/stylustbeats\">Stylust",
            "http://www.soundcloud.com/sleeveless-records\">Sleeveless"
        ]
    },
    {
        "artist_id": "tribaltrap",
        "contacts": [
            "@tribaltrap",
            "https://instagram.com/tribaltrap\">@tribaltrap</a>"
        ]
    },
    {
        "artist_id": "theswingingturtle",
        "contacts": [
            "https://www.theswingingturtle.com\">theswingingturtle.com</a>"
        ]
    },
    {
        "artist_id": "spinninrecordsofficial",
        "contacts": [
            "https://spinnin.lnk.to/dance-top-hitsSR\">Dance"
        ]
    },
    {
        "artist_id": "balltrapmusic",
        "contacts": [
            "https://www.instagram.com/balltrapmusic\">Instagram</a>",
            "https://uzmuzic.com/\">Website</a>",
            "https://twitter.com/BallTrapMusic\">Twitter</a>",
            "https://soundcloud.com/ball-trap-music\">Soundcloud</a>"
        ]
    },
    {
        "artist_id": "tastynetwork",
        "contacts": [
            "@tastynetwork",
            "http://youtube.com/tastynetwork\">YouTube</a>",
            "licensing@tastynetwork.com",
            "http://licensing@tastynetwork.com\">licensing@tastynetwork.com</a>",
            "http://Soundcloud.com/TastyNetwork\">Soundcloud</a>"
        ]
    },
    {
        "artist_id": "biranheplaylist",
        "contacts": [
            "https://goo.gl/E6W4hn\">https://goo.gl/E6W4hn</a>",
            "https://www.fruitsmusic.com\">www.fruitsmusic.com</a>"
        ]
    },
    {
        "artist_id": "stevevoid",
        "contacts": [
            "http://www.strangefruits.net\">www.strangefruits.net</a>",
            "http://strangefruits.net\">strangefruits.net</a>"
        ]
    },
    {
        "artist_id": "wb_x_mb",
        "contacts": [
            "@ScapegotMGMT",
            "Lance@ScapegotMGMT.com"
        ]
    },
    {
        "artist_id": "scapegot_media",
        "contacts": [
            "info@scapegotmedia.com",
            "@scapegotmedia"
        ]
    },
    {
        "artist_id": "hybridtrap",
        "contacts": [
            "https://linktr.ee/hybridtrap\">https://linktr.ee/hybridtrap</a>",
            "https://bitly.com/hybridtrap\">main</a>",
            "http://bitly.com/dropcentralyt\">YouTube</a>",
            "http://bit.ly/2F8zkWj\">bit.ly/2F8zkWj</a>",
            "http://Soundcloud.com/dropcentral\">Soundcloud</a>",
            "https://emojipedia.org/purple-heart/\">\ud83d\udc9c</a>",
            "http://Facebook.com/dropcentral\">Facebook</a>"
        ]
    },
    {
        "artist_id": "1111320434",
        "contacts": [
            "@gmail",
            "tonevillecontact@gmail.com"
        ]
    },
    {
        "artist_id": "mmxvartistcollective",
        "contacts": [
            "@Emorfik",
            "https://forms.gle/dm2R4i2PKiQrZtPo6\">Submit"
        ]
    },
    {
        "artist_id": "breakentersociety",
        "contacts": [
            "break.enter.society@gmail.com",
            "@gmail",
            "https://audius.co/b_e_s"
        ]
    },
    {
        "artist_id": "otodayorecords",
        "contacts": [
            "http://www.facebook.com/otodayo\">www.facebook.com/otodayo</a>",
            "http://www.twitter.com/otodayorecords\">www.twitter.com/otodayorecords</a>",
            "http://instagram.com/otodayorecords\">instagram.com/otodayorecords</a>",
            "http://www.facebook.com/otodayo\">www.facebook.com/otodayo</a><a",
            "http://otodayowww.otodayo.com\">otodayowww.otodayo.com</a><a",
            "https://soundcloud.com/otodayosupa\">otodayosupa</a>",
            "https://soundcloud.com/otodayo\">otodayo</a>",
            "http://www.twitter.com/otodayorecords\">www.twitter.com/otodayorecords</a><a",
            "http://www.otodayo.com\">www.otodayo.com</a>"
        ]
    },
    {
        "artist_id": "kontorrecordsofficial",
        "contacts": [
            "https://www.instagram.com/kontorrecords/\">Instagram</a>"
        ]
    },
    {
        "artist_id": "digsterdeutschland",
        "contacts": [
            "https://www.instagram.com/stoked.mp4\">Folge"
        ]
    },
    {
        "artist_id": "universal.pictures.de",
        "contacts": [
            "http://bs.serving-sys.com/BurstingPipe/adServer.bs?cn=tf&c=20&mc=click&pli=8882481&PluID=0&ord=[timestamp]"
        ]
    },
    {
        "artist_id": "warner.music.central.europe",
        "contacts": [
            "https://www.instagram.com/carodaur\">Instagram</a>."
        ]
    },
    {
        "artist_id": "qabs236pr21ax4fgvu60lnubw",
        "contacts": [
            "http://www.elitecollectiv.com/\">Website</a>",
            "https://linktr.ee/hawkmusic\">Website</a>",
            "https://www.instagram.com/iamhawkdj\">Instagram</a>",
            "https://hawk-dj.com\">Website</a>"
        ]
    },
    {
        "artist_id": "iamsammyporter",
        "contacts": [
            "http://instagram.com/iamsammyporter\">Instagram</a>",
            "https://www.facebook.com/iamsammyporter\">Facebook</a>",
            "https://snapchat.com/add/iamsammyporter\">Snapchat</a>",
            "https://www.youtube.com/channel/UCLysrHcmFZeVLgFNYzaY5gQ?sub_confirmation=1\">YouTube",
            "https://twitter.com/iamsammyporter\">Twitter"
        ]
    },
    {
        "artist_id": "31by6iid7qhjm77tg2fk5m37yzhq",
        "contacts": [
            "@DropUnited"
        ]
    },
    {
        "artist_id": "m9xmat215fxew2ehw7ozws8ws",
        "contacts": [
            "Rafaelcurator@gmail.com",
            "@gmail"
        ]
    },
    {
        "artist_id": "1226381710",
        "contacts": [
            "mystecstudios@gmail.com",
            "@gmail"
        ]
    },
    {
        "artist_id": "jackrosereal",
        "contacts": [
            "@jackrosereal",
            "@jackjohnrose"
        ]
    },
    {
        "artist_id": "thegrandsound",
        "contacts": [
            "https://www.youtube.com/c/TheGrandSoundTV\">24/7"
        ]
    },
    {
        "artist_id": "suprmode",
        "contacts": [
            "https://soundcloud.com/suprmode\">here</a>",
            "https://soundcloud.com/hyprmode\">HYPRMODE</a>"
        ]
    },
    {
        "artist_id": "43xzlwfo0tft7hn5r5e6dksrd",
        "contacts": [
            "https://www.Loudkult.com\">LoudKult.com</a>"
        ]
    },
    {
        "artist_id": "-2k-",
        "contacts": [
            "https://nba.2k.com/buy#nba-2k18/nba-2k18-legend-edition-gold/united-states/ps4/gamestop\">The"
        ]
    },
    {
        "artist_id": "1bz7a9jvcsukkk41dp7daq2bg",
        "contacts": [
            "@tieywhiey"
        ]
    },
    {
        "artist_id": "zjoaoz",
        "contacts": [
            "@miner"
        ]
    },
    {
        "artist_id": "sonymusic_at",
        "contacts": [
            "https://www.instagram.com/filtr_austria/\">Hier"
        ]
    },
    {
        "artist_id": "sue8317",
        "contacts": [
            "@gmail",
            "movem378@gmail.com"
        ]
    },
    {
        "artist_id": "ae1e76f0rc4scur82vb88v045",
        "contacts": [
            "https://app.adjust.com/dqt4350\">MusicBash</a>"
        ]
    },
    {
        "artist_id": "aiobahn",
        "contacts": [
            "https://twitter.com/ha4to\">@ha4to</a>",
            "@ha4to"
        ]
    },
    {
        "artist_id": "eternalfestival",
        "contacts": [
            "http://spoti.fi/14CLJhg\">eternal",
            "http://spoti.fi/14CLylY\">eternal"
        ]
    },
    {
        "artist_id": "chilledcow",
        "contacts": [
            "https://spoti.fi/48IreC3\">Click"
        ]
    },
    {
        "artist_id": "11147232706",
        "contacts": [
            "@davidflixofficial"
        ]
    },
    {
        "artist_id": "vnie0w4mzajh8ahq2jrjdkcu9",
        "contacts": [
            "@gmail",
            "whysosick.charge@gmail.com"
        ]
    },
    {
        "artist_id": "5mpmspdtda2y9k3zfkemivszh",
        "contacts": [
            "@draedenofficial"
        ]
    },
    {
        "artist_id": "21ao7xhyjf2xdpik6ix24ce2y",
        "contacts": [
            "@newagecore"
        ]
    },
    {
        "artist_id": "8qw6uvw4ff8fw0h36xojw1ird",
        "contacts": [
            "https://www.instagram.com/demoncorelabel\">Instagram</a>!"
        ]
    },
    {
        "artist_id": "k4hc9n3cw43f1o9syoglhuptw",
        "contacts": [
            "@soarplaylists",
            "pitch@soarplaylists.com"
        ]
    },
    {
        "artist_id": "12124821733",
        "contacts": [
            "http://www.facebook.com/LMXLM\">Luis"
        ]
    },
    {
        "artist_id": "festileaks",
        "contacts": [
            "https://festileaks.com/festival/sziget/2024/\">Sziget"
        ]
    },
    {
        "artist_id": "jamescarteruk",
        "contacts": [
            "https://jc.lnk.to/SpotifySubmission\">music",
            "http://jc.lnk.to/instagram\">Insta</a>"
        ]
    },
    {
        "artist_id": "topperargentina",
        "contacts": [
            "http://www.topper.com.ar/\">http://www.topper.com.ar/</a>"
        ]
    },
    {
        "artist_id": "sonymusicargentina",
        "contacts": [
            "https://www.instagram.com/lizardoponce/\">Lizardo"
        ]
    },
    {
        "artist_id": "jaredmoreno",
        "contacts": [
            "http://spotify@jaredmoreno.com\">spotify@jaredmoreno.com</a>",
            "spotify@jaredmoreno.com",
            "@jaredmoreno"
        ]
    },
    {
        "artist_id": "2playlist",
        "contacts": [
            "@2submit",
            "playlist-10@2submit.me"
        ]
    },
    {
        "artist_id": "balatonsoundofficial",
        "contacts": [
            "http://www.balatonsound.com\">over"
        ]
    },
    {
        "artist_id": "billboard.com",
        "contacts": [
            "http://www.billboard.com/charts/billboard-200\">The",
            "http://Billboard.com\">Billboard.com</a>.",
            "http://www.billboard.com/charts/rock-songs\">The",
            "http://www.billboard.com/charts/hot-100\">Billboard"
        ]
    },
    {
        "artist_id": "np9w349heidnrd84qpfxvwsy9",
        "contacts": [
            "@gmail",
            "pentarosamusic@gmail.com"
        ]
    },
    {
        "artist_id": "0qoftncdihfp1h9dn4cdkr6cm",
        "contacts": [
            "@weareryyzn"
        ]
    },
    {
        "artist_id": "gmxmusic",
        "contacts": [
            "http://instagram.com/GustavGmx\">http://instagram.com/GustavGmx</a>",
            "http://youtube.com/TheOnlyGmx\">http://youtube.com/TheOnlyGmx</a>"
        ]
    },
    {
        "artist_id": "petteralexis",
        "contacts": [
            "http://www.twitter.com/PetterAlexis\">Twitter</a>",
            "http://www.facebook.com/petterofficial\">Facebook</a>"
        ]
    },
    {
        "artist_id": "onerepublicofficial",
        "contacts": [
            "http://Twitter.com/OneRepublic\">Twitter</a>",
            "http://Facebook.com/OneRepublic\">Facebook</a>",
            "http://www.OneRepublic.com\">Website</a>",
            "http://Instagram.com/OneRepublic\">Instagram</a>"
        ]
    },
    {
        "artist_id": "suicidesheepify",
        "contacts": [
            "http://youtube.com/MrSuicideSheep\">Youtube</a>",
            "http://facebook.com/mrsuicidesheep\">Facebook</a>",
            "https://Instagram.com/mrsuicidesheep\">Instagram</a>"
        ]
    },
    {
        "artist_id": "mh6pajzz2h0ozvz7idu1pwyss",
        "contacts": [
            "@ontout"
        ]
    },
    {
        "artist_id": "y3bols1npujq74r8otzs33rys",
        "contacts": [
            "@godoy2k_"
        ]
    },
    {
        "artist_id": "1234567949",
        "contacts": [
            "@_noblenova"
        ]
    },
    {
        "artist_id": "selectedbase",
        "contacts": [
            "https://www.instagram.com/selectedofficial\">Instagram</a>"
        ]
    },
    {
        "artist_id": "xsl3oxakhjw3rw7uhcp1fhtrk",
        "contacts": [
            "https://www.youtube.com/dharmaworldwide/\">",
            "https://www.instagram.com/dharmaworldwide/\">",
            "https://www.twitter.com/dharmaworldwide/\">"
        ]
    },
    {
        "artist_id": "northernstreams",
        "contacts": [
            "https://www.facebook.com/northernstreams/\">Northern",
            "http://www.facebook.com/northernstreams/\">Northern"
        ]
    },
    {
        "artist_id": "emnetwork",
        "contacts": [
            "https://electromusicnetwork.store/\">https://electromusicnetwork.store/</a>"
        ]
    },
    {
        "artist_id": "allhousenation",
        "contacts": [
            "https://youtube.com/allhousenation\">House"
        ]
    },
    {
        "artist_id": "rayvolpe",
        "contacts": [
            "@rayvolpe",
            "http://twitter.com/rayvolpe\">@rayvolpe</a>"
        ]
    },
    {
        "artist_id": "11100057332",
        "contacts": [
            "@gmail",
            "pakconde@gmail.com"
        ]
    },
    {
        "artist_id": "7302979l3mlg78mzofi2tbu4z",
        "contacts": [
            "@gmail",
            "randomplaylister2019@gmail.com"
        ]
    },
    {
        "artist_id": "f4kydv5sfw7uj18ts5mnb4aaz",
        "contacts": [
            "https://ko-fi.com/solacerecords\">submit",
            "https://www.instagram.com/solacemusicrecords\">instagram</a>"
        ]
    },
    {
        "artist_id": "bbc_playlister",
        "contacts": [
            "http://www.bbc.co.uk/programmes/b00mbxsh\">More"
        ]
    },
    {
        "artist_id": "peppegutt94",
        "contacts": [
            "@gmail",
            "promopeppegutt@gmail.com"
        ]
    },
    {
        "artist_id": "jjd6o9asl7dhmz951fz6fibmo",
        "contacts": [
            "https://www.instagram.com/zevymusic/\">@ZEVYMUSIC</a>",
            "@ZEVYMUSIC",
            "https://dailyplaylists.com/playlists/0sphAPjJG9OHVMhX55BSs6\">SUBMIT"
        ]
    },
    {
        "artist_id": "haj99novo33p92db2zf2dswdb",
        "contacts": [
            "@neversleepsongs",
            "contato@neversleepsongs.com",
            "https://www.instagram.com/neversleepsongs/\">Instagram</a>!"
        ]
    },
    {
        "artist_id": "t09rex78084lxj38mztkn5514",
        "contacts": [
            "@gillesbernies",
            "@tasteofelectro"
        ]
    },
    {
        "artist_id": "r3yi2fat95hhbx1v4pzi8antv",
        "contacts": [
            "https://www.instagram.com/unique_playlists/\">unique"
        ]
    },
    {
        "artist_id": "uhwo1f8cbuevqodabqih9815p",
        "contacts": [
            "@europeunderground"
        ]
    },
    {
        "artist_id": "5b1womgdt889nc2fdh1xf0oli",
        "contacts": [
            "@memelistasmx"
        ]
    },
    {
        "artist_id": "hoop__records",
        "contacts": [
            "https://www.youtube.com/channel/UCXpma59Hmp5XQ3me9pMBD_w?view_as=subscriber\">Hoop"
        ]
    },
    {
        "artist_id": "blancoynegromusic",
        "contacts": [
            "digital@blancoynegro.com",
            "@blancoynegro",
            "https://www.labelradar.com/labels/blancoynegro/portal\">Send"
        ]
    },
    {
        "artist_id": "juanmaganmusic",
        "contacts": [
            "@weloveasere",
            "https://instagram.com/weloveasere/\">@weloveasere</a>"
        ]
    },
    {
        "artist_id": "31jnvw5yowcsxgvbv5hkoczsv57m",
        "contacts": [
            "onitheakuma1@gmail.com",
            "@gmail",
            "@musicstudiosncl"
        ]
    },
    {
        "artist_id": "31sdszcm7a5u2j32coiyyau7s34m",
        "contacts": [
            "onitheakuma1@gmail.com",
            "@gmail",
            "@musicstudiosncl"
        ]
    },
    {
        "artist_id": "hoffiusp",
        "contacts": [
            "@tenzin"
        ]
    },
    {
        "artist_id": "31evyjolonjcwunyseb4dqns2xom",
        "contacts": [
            "janjiyusufplaylist@gmail.com",
            "@gmail",
            "@janjiyusufplaylist"
        ]
    },
    {
        "artist_id": "223dgadchbqzrrjfordqsurey",
        "contacts": [
            "sergio.brey@hotmail.com",
            "@hotmail"
        ]
    },
    {
        "artist_id": "dance-charts.de",
        "contacts": [
            "http://dance-charts.de/\">dance-charts.de</a>,"
        ]
    },
    {
        "artist_id": "7hc61psmnixhvwi35o2wdb0vk",
        "contacts": [
            "https://sbmt.to/glitch-records\">Submit"
        ]
    },
    {
        "artist_id": "indiemusicpromo",
        "contacts": [
            "@independentmusicpromotion",
            "@jmoris"
        ]
    },
    {
        "artist_id": "5w78bfmrfydkpcqix88th0nen",
        "contacts": [
            "@boopromo"
        ]
    },
    {
        "artist_id": "vawxe7nt6mwsrlzw2njr3lv4e",
        "contacts": [
            "https://instagram.com/sonomusicgroup\">SONO",
            "https://sonomusic.co\">sonomusic.co</a>"
        ]
    },
    {
        "artist_id": "314kzluomrelyo6erav4yxcj3xyu",
        "contacts": [
            "@lemonplaylistoficial"
        ]
    },
    {
        "artist_id": "alexaddea",
        "contacts": [
            "https://www.instagram.com/addalmusic/\">",
            "@addalmusic"
        ]
    },
    {
        "artist_id": "zh3u3zuiuxfped3nkp1fp7khp",
        "contacts": [
            "@gmail",
            "snehakumbhar18@gmail.com"
        ]
    },
    {
        "artist_id": "clippersmusic",
        "contacts": [
            "https://instagram.com/clippersounds\">Instagram</a>"
        ]
    },
    {
        "artist_id": "31chmkodily7fv42afnxf7d7wyzm",
        "contacts": [
            "@tenpulseofc"
        ]
    },
    {
        "artist_id": "31hciebtimgdyzam5dutvnssjati",
        "contacts": [
            "federicamilanopromo@gmail.com",
            "@gmail"
        ]
    },
    {
        "artist_id": "31s5mnfukbxcrimdhmuugdikxhnu",
        "contacts": [
            "@monk"
        ]
    },
    {
        "artist_id": "p9fyaay50vpngm85s84q84kyb",
        "contacts": [
            "@relavelrecords"
        ]
    },
    {
        "artist_id": "therealenkay",
        "contacts": [
            "@enkaysplaylists"
        ]
    },
    {
        "artist_id": "x4dhrujullxp3fb2qjnnfh4w7",
        "contacts": [
            "@youngclawrecords"
        ]
    },
    {
        "artist_id": "5zavt9bv6lprc3u60hxv1ncy2",
        "contacts": [
            "@fluttertone"
        ]
    },
    {
        "artist_id": "5mdp972bflqu0a3p8zz3z8n5g",
        "contacts": [
            "spotlightmusicllc@gmail.com",
            "@deep",
            "@gmail"
        ]
    },
    {
        "artist_id": "22amz7m5c5jg66f2mhg36gb3q",
        "contacts": [
            "@djgriegz"
        ]
    },
    {
        "artist_id": "pvw77mah90zrewho4pottsf95",
        "contacts": [
            "@knomusicrow"
        ]
    },
    {
        "artist_id": "69h2xgbdgjxv70afvvdihz31n",
        "contacts": [
            "@peanutbettermusic"
        ]
    },
    {
        "artist_id": "ndxaeymdx874f79gs4go7h5e5",
        "contacts": [
            "@xenmusic_"
        ]
    },
    {
        "artist_id": "1195493738",
        "contacts": [
            "playlists@bavariahq.com",
            "@bavariahq"
        ]
    },
    {
        "artist_id": "8hzwlrnjaqjgokupi2l9vx950",
        "contacts": [
            "@cr8zy4ever",
            "@Spotify"
        ]
    },
    {
        "artist_id": "11124351767",
        "contacts": [
            "@AshRexy"
        ]
    },
    {
        "artist_id": "11124919118",
        "contacts": [
            "@soarplaylists",
            "pitch@soarplaylists.com"
        ]
    },
    {
        "artist_id": "h3wiwz33k3h0jwdt5coxmbhfk",
        "contacts": [
            "https://thebestplaylistsever.com/lp/artist-submit/\">Click",
            "https://thebestplaylistsever.com/lp/artist-submit/\">"
        ]
    },
    {
        "artist_id": "killkihd",
        "contacts": [
            "@naitroz",
            "kontakt@naitroz.de"
        ]
    },
    {
        "artist_id": "6gzwvbw06sv066vv5969z5mwj",
        "contacts": [
            "@gmail",
            "tle.leydonmusic@gmail.com"
        ]
    },
    {
        "artist_id": "ceawln6urtfw5temslnn2riq7",
        "contacts": [
            "@mixr"
        ]
    },
    {
        "artist_id": "ie2d27sqn85d29owzm3e5ymko",
        "contacts": [
            "@Jamesgodfrey",
            "@jamesgodfrey",
            "@JamesGodfrey"
        ]
    },
    {
        "artist_id": "thirsa2900",
        "contacts": [
            "@tessamaynardmusic",
            "info@tessamaynardmusic.com"
        ]
    },
    {
        "artist_id": "jaxoman",
        "contacts": [
            "hello@jaxonviaan.com",
            "@jaxonviaan"
        ]
    },
    {
        "artist_id": "kornellofficial",
        "contacts": [
            "@kornellofficial"
        ]
    },
    {
        "artist_id": "yej846hm906vmiiueel4rrz22",
        "contacts": [
            "@desiredrec",
            "no@desiredrec.com"
        ]
    },
    {
        "artist_id": "digitalempirerec",
        "contacts": [
            "@gmail",
            "digitalempirerecords1@gmail.com"
        ]
    },
    {
        "artist_id": "31traxkt7gudnbus45yhnmtt2pxq",
        "contacts": [
            "info@timothyallenmusic.com",
            "@timothyallenmusic"
        ]
    },
    {
        "artist_id": "lukofficial",
        "contacts": [
            "https://www.instagram.com/luk__music/\">Instagram</a>",
            "https://www.songrocket.com\">Submit</a>"
        ]
    },
    {
        "artist_id": "wjes39bx3tn0gkba97je124hb",
        "contacts": [
            "jay@jaydixie.com",
            "@jaydixie"
        ]
    },
    {
        "artist_id": "lucasaf01-br",
        "contacts": [
            "@dultyplaylists"
        ]
    },
    {
        "artist_id": "robbinsentertainment",
        "contacts": [
            "http://bit.ly/PP-Fresh",
            "http://bit.ly/PP-DAN"
        ]
    },
    {
        "artist_id": "imatolo2002",
        "contacts": [
            "@imatolosa"
        ]
    },
    {
        "artist_id": "edmhousenetwork",
        "contacts": [
            "http://www.edmhousenetwork.com/submit\">"
        ]
    },
    {
        "artist_id": "jh6bm0hxg13p4lbkrf0hnr0h0",
        "contacts": [
            "@gmail",
            "j.marin.mtg@gmail.com"
        ]
    },
    {
        "artist_id": "realdjpaige",
        "contacts": [
            "@REALDJPAIGE"
        ]
    },
    {
        "artist_id": "acid_stag",
        "contacts": [
            "https://acidstag.gumroad.com\">https://acidstag.gumroad.com</a>"
        ]
    },
    {
        "artist_id": "py4wt0il5ss8aa3ygdtmkpv9a",
        "contacts": [
            "@IAMSPOTIFYCURATOR",
            "@iamspotifycurator"
        ]
    },
    {
        "artist_id": "gpqan7minp6yeh00gkadcgd9j",
        "contacts": [
            "@cpyticrecords",
            "chiragkumar@cpyticrecords.com"
        ]
    },
    {
        "artist_id": "earmilkdotcom",
        "contacts": [
            "https://dailyplaylists.com\">here</a>!",
            "http://www.earmilk.com\">our"
        ]
    },
    {
        "artist_id": "allforthefuture",
        "contacts": [
            "forthefuturerecords@gmail.com",
            "@gmail"
        ]
    },
    {
        "artist_id": "0lec8qco0eaes3lyyycre9mb6",
        "contacts": [
            "@gmail",
            "alexitaly1974@gmail.com"
        ]
    },
    {
        "artist_id": "spiritsoulrecords",
        "contacts": [
            "https://soundcloud.com/spiritsoulrecords\">Spirit"
        ]
    },
    {
        "artist_id": "21mnpomlbuozahoysqsn6cuwi",
        "contacts": [
            "@promopalace"
        ]
    },
    {
        "artist_id": "es4n7w8q8fnchb033eu14d3se",
        "contacts": [
            "FNSsubmissions@gmail.com",
            "@gmail"
        ]
    },
    {
        "artist_id": "t.wize",
        "contacts": [
            "@iamwiese"
        ]
    },
    {
        "artist_id": "h0ztwq6b5rb6bk94agmadahtc",
        "contacts": [
            "spotlightmusicllc@gmail.com",
            "@deep",
            "@gmail"
        ]
    },
    {
        "artist_id": "allanmoura1",
        "contacts": [
            "@elii"
        ]
    },
    {
        "artist_id": "midranger",
        "contacts": [
            "@poylow"
        ]
    },
    {
        "artist_id": "1113561406",
        "contacts": [
            "http://bit.ly/tavichilloutsubmit\">SUBMIT</a>",
            "http://bit.ly/taviworkoutsubmit\">SUBMIT</a>"
        ]
    },
    {
        "artist_id": "vindigital",
        "contacts": [
            "http://vinyl-digital.com\">vinyl-digital.com</a>",
            "http://vinyl-digital.com/\">vinyl-digital.com</a>"
        ]
    },
    {
        "artist_id": "uoak",
        "contacts": [
            "https://uoak.fanlink.to/sekoraradio\">LISTEN"
        ]
    },
    {
        "artist_id": "sphereofhiphop",
        "contacts": [
            "https://sphereofhiphop.com\">Sphereofhiphop.com</a>",
            "https://Sphereofhiphop.com\">Sphereofhiphop.com</a>"
        ]
    },
    {
        "artist_id": "c0i1sasofmbo7mz4omia3a2d7",
        "contacts": [
            "@gmail",
            "music4welove@gmail.com"
        ]
    },
    {
        "artist_id": "1shvjycjz1ed35jcf4gz7meti",
        "contacts": [
            "@someboilistensmusic"
        ]
    },
    {
        "artist_id": "djcarstenmichels",
        "contacts": [
            "https://www.instagram.com/carstnmusic\">CARSTN</a>"
        ]
    },
    {
        "artist_id": "12167901735",
        "contacts": [
            "https://ko-fi.com/supersecretbeats\">ko-fi.com/supersecretbeats</a>)"
        ]
    },
    {
        "artist_id": "22geympzgpcckueuh7ry6rvqy",
        "contacts": [
            "@yahoo",
            "elmerbermal@yahoo.com"
        ]
    },
    {
        "artist_id": "69wqbo1dhjwit0w11estf2c8i",
        "contacts": [
            "https://submissions.to/summerhouse\">SUBMIT"
        ]
    },
    {
        "artist_id": "deepwindermusic",
        "contacts": [
            "@deepwinder",
            "spotify@deepwinder.com"
        ]
    },
    {
        "artist_id": "h9ktizija2baqjr8zw0vzr5vo",
        "contacts": [
            "@gmail",
            "demo.mintvibe@gmail.com"
        ]
    },
    {
        "artist_id": "whoknowsofficial",
        "contacts": [
            "https://www.instagram.com/whoknows_official/\">INSTAGRAM</a>",
            "https://twitter.com/Music_WhoKnows\">TWITTER</a>",
            "https://www.facebook.com/whoknows.music.official/\">FACEBOOK</a>"
        ]
    },
    {
        "artist_id": "hydu9utpybs27y6ks207c4r9q",
        "contacts": [
            "@gmail",
            "toptracksplaylists@gmail.com"
        ]
    },
    {
        "artist_id": "86i98g8zh2722dm6sllzia2ue",
        "contacts": [
            "@gmail",
            "cammoprnetwork@gmail.com"
        ]
    },
    {
        "artist_id": "jeo7kilkz4xdj4mv8o7a5x4sy",
        "contacts": [
            "@LOFIVIBE"
        ]
    },
    {
        "artist_id": "ky9tirqvhnrh28fpiffrcat6a",
        "contacts": [
            "urbanculturemusik@gmail.com",
            "@gmail"
        ]
    },
    {
        "artist_id": "dittomusic",
        "contacts": [
            "https://www.dittomusic.com\">Ditto"
        ]
    },
    {
        "artist_id": "31aofhkhwl4ffq2rfyl5gdgc2qdm",
        "contacts": [
            "jendexnetwork@gmail.com",
            "@gmail"
        ]
    },
    {
        "artist_id": "profimusic",
        "contacts": [
            "@profimusic",
            "@profimusiccom",
            "info@profimusic.com"
        ]
    },
    {
        "artist_id": "vibingdeep",
        "contacts": [
            "https://www.vibingdeep.com\">vibingdeep</a>",
            "https://www.Vibingdeep.com\">Vibingdeep</a>"
        ]
    },
    {
        "artist_id": "1133610742",
        "contacts": [
            "@anthonylamela"
        ]
    },
    {
        "artist_id": "chris_odd",
        "contacts": [
            "@gmail",
            "chrisoddpromo@gmail.com"
        ]
    },
    {
        "artist_id": "1114174687",
        "contacts": [
            "@thierryvonderwarth",
            "info@thierryvonderwarth.be"
        ]
    },
    {
        "artist_id": "dailyplaylists",
        "contacts": [
            "https://dailyplaylists.com\">here</a>!",
            "https://dailyplaylists.com/add-song\">here</a>!",
            "http://dailyplaylists.com/\">here"
        ]
    },
    {
        "artist_id": "1144529319",
        "contacts": [
            "@geraldinetaylormusic",
            "@geraldinetaylorauthor"
        ]
    },
    {
        "artist_id": "daydoseofhouse",
        "contacts": [
            "daydoseofhouse@outlook.com",
            "@outlook"
        ]
    },
    {
        "artist_id": "l1iawktw4i1uwkt2ihzpgylnz",
        "contacts": [
            "@gmail",
            "https://www.submithub.com/to/inmersive-sounds\">Submissions</a>",
            "inmersivespotify@gmail.com"
        ]
    },
    {
        "artist_id": "l37r1qsl3ayt84ccybj2p0o3t",
        "contacts": [
            "promotion.subzero@gmail.com",
            "@gmail"
        ]
    },
    {
        "artist_id": "kjx8e5wj4vulaqas1hgvjujh7",
        "contacts": [
            "https://www.toneden.io/unity_rec/post/submit-your-club-and-house-tunes\">Submit",
            "https://dailyplaylists.com/playlists/4hfosrXDIAtV09QqxEtQNa\">Submit"
        ]
    },
    {
        "artist_id": "ubljtztrd9kv3lp7phty56w7d",
        "contacts": [
            "ita.list2021@gmail.com",
            "@gmail"
        ]
    },
    {
        "artist_id": "c1hl96g1bbi9d5g35h7gw8smj",
        "contacts": [
            "Info@globalchart.biz",
            "info@globalchart.biz",
            "@globalchart"
        ]
    },
    {
        "artist_id": "iceleak",
        "contacts": [
            "@gmail",
            "weareiceleak@gmail.com"
        ]
    },
    {
        "artist_id": "jerzybulx",
        "contacts": [
            "https://www.instagram.com/jerzybulx/\">@jerzybulx</a>",
            "@jerzybulx",
            "https://instagram.com/jerzybulx\">@jerzybulx</a>"
        ]
    },
    {
        "artist_id": "790i8zuqbeycbim4hxpl9tw72",
        "contacts": [
            "@fabrizio"
        ]
    },
    {
        "artist_id": "11150619222",
        "contacts": [
            "@puffcornmusic"
        ]
    },
    {
        "artist_id": "z0t82mlnrczdi5pnifrk81hll",
        "contacts": [
            "@jendexrecords",
            "demo@jendexrecords.com"
        ]
    },
    {
        "artist_id": "gl9sml84khuto2ag30n4ijsmv",
        "contacts": [
            "@subshiftmusic"
        ]
    },
    {
        "artist_id": "woyodw7qt0hwneudtbf4gotxw",
        "contacts": [
            "dattrackmusic@gmail.com",
            "@gmail"
        ]
    },
    {
        "artist_id": "2l4ejc2yr4y4owuhr3k8a0aac",
        "contacts": [
            "@gmail",
            "hakobjanyandero@gmail.com"
        ]
    },
    {
        "artist_id": "go3ldcv9phluwsnw3584mhc1i",
        "contacts": [
            "enhanceplaylists@gmail.com",
            "@gmail"
        ]
    },
    {
        "artist_id": "128794143",
        "contacts": [
            "https://lnk.to/submithub\">Submit"
        ]
    },
    {
        "artist_id": "0j2zmzk3v6f4ijfp5h9omxqcs",
        "contacts": [
            "https://linktr.ee/yourmusicplace\">Submit"
        ]
    },
    {
        "artist_id": "a4zbnxh2iwgplj7yca5ltnp11",
        "contacts": [
            "@gmail",
            "03playlists@gmail.com",
            "@03recs"
        ]
    },
    {
        "artist_id": "ksa4iursl39tnbbd3qvywnqwj",
        "contacts": [
            "@gregalelov"
        ]
    },
    {
        "artist_id": "32biizfg4h6inom15150n3zxb",
        "contacts": [
            "@gmail",
            "cabanaplst@gmail.com"
        ]
    },
    {
        "artist_id": "r99lq6ngd6oyjcwry2ln75uzj",
        "contacts": [
            "Samobully@gmail.com",
            "@gmail"
        ]
    },
    {
        "artist_id": "tncrecordings",
        "contacts": [
            "http://Instagram.com/tncrecordings\">Instagram</a>",
            "https://www.facebook.com/tncrecordings/\">Facebook</a>",
            "http://Twitter.com/tncrecordings\">Twitter</a>",
            "http://Soundcloud.com/tncrecordings\">Sou</a>"
        ]
    },
    {
        "artist_id": "8gnu9mwsg4uzrsfig5i2ricy1",
        "contacts": [
            "@dyartasya"
        ]
    },
    {
        "artist_id": "26mg604clkumbr1w0g7zeuhek",
        "contacts": [
            "@Straightbreadmag",
            "@Strbreadmag"
        ]
    },
    {
        "artist_id": "savz8vts72hqdy7von3mqc29g",
        "contacts": [
            "@gho_"
        ]
    },
    {
        "artist_id": "1128772618",
        "contacts": [
            "@gmail",
            "@tobywebstermusic",
            "tobywebstermusic.spotify@gmail.com"
        ]
    },
    {
        "artist_id": "marmoofficial",
        "contacts": [
            "@marmoofficial"
        ]
    },
    {
        "artist_id": "vvtv9zdvbitvro2blb7ugb8et",
        "contacts": [
            "@colsonxl"
        ]
    },
    {
        "artist_id": "wv2bvlvxqelid1pk1cj8aj52w",
        "contacts": [
            "https://www.instagram.com/beatdealerrecords/\">",
            "https://www.instagram.com/lunax_music/\">Instagram</a>"
        ]
    },
    {
        "artist_id": "idviqiw64ikb7xe84fdc8urgq",
        "contacts": [
            "@keysmusicparis"
        ]
    },
    {
        "artist_id": "8epp74xns7ra7ejf9y9gdinzm",
        "contacts": [
            "retroplaylistz@gmail.com",
            "@gmail"
        ]
    },
    {
        "artist_id": "22xuw1062c5zuy53qm51uhf55",
        "contacts": [
            "@gmail",
            "oryza.demo@gmail.com"
        ]
    },
    {
        "artist_id": "enrouterecords",
        "contacts": [
            "https://linktr.ee/enrouterecords\">Submissions</a>"
        ]
    },
    {
        "artist_id": "officialtrapcity",
        "contacts": [
            "https://www.youtube.com/@trapcity\">Trap",
            "@trapcity"
        ]
    },
    {
        "artist_id": "av1hmdvw0n3h2k3aoxq9ypkig",
        "contacts": [
            "https://www.beatport.com/label/bhm-records/90834\">\ud83d\udcbf",
            "https://facebook.com/brutishheavymusic\">BrutishHeavyMusic</a>!",
            "https://facebook.com/brutishheavymusic\">BrutishHeavyMusic</a>."
        ]
    },
    {
        "artist_id": "atlofficial",
        "contacts": [
            "http://alltimelow.com/tour\">http://alltimelow.com/tour</a>"
        ]
    },
    {
        "artist_id": "erikmcl",
        "contacts": [
            "@erikjmcl",
            "erikjm@mac.com",
            "@mac",
            "http://erikjm@mac.com\">erikjm@mac.com</a>"
        ]
    },
    {
        "artist_id": "jackgoescrazy32",
        "contacts": [
            "@Trixbrr"
        ]
    },
    {
        "artist_id": "metallicaofficial",
        "contacts": [
            "https://www.metallica.com/\">Metallica"
        ]
    },
    {
        "artist_id": "ikon_official",
        "contacts": [
            "http://www.ygfamily.com/artist/Main.asp?LANGDIV=E&ATYPE=2&ARTIDX=67\">yg-ikon.com"
        ]
    },
    {
        "artist_id": "bassrebels",
        "contacts": [
            "https://www.bassrebels.co.uk\">https://www.bassrebels.co.uk</a>"
        ]
    },
    {
        "artist_id": "stereofox",
        "contacts": [
            "http://bit.ly/chillbeats-spotify-sh\">submit",
            "http://bit.ly/chillbeats-spotify-ig\">follow"
        ]
    },
    {
        "artist_id": "3xobwyjo815ki08v29mwtfblx",
        "contacts": [
            "@hitkend",
            "contact@hitkend.com"
        ]
    },
    {
        "artist_id": "sanholobeats",
        "contacts": [
            "https://sanholomerch.com\">merch</a>",
            "https://sanholo.com/shows\">tour</a>"
        ]
    },
    {
        "artist_id": "xtzbjfv6ctxkv7a5kb80wnnxv",
        "contacts": [
            "@gmail",
            "edmlikesreposts@gmail.com"
        ]
    },
    {
        "artist_id": "kawaiicoconut",
        "contacts": [
            "https://twitter.com/nanobii\">Twitter</a>"
        ]
    },
    {
        "artist_id": "promotingsounds",
        "contacts": [
            "@gmail",
            "PromotingSoundsSpotify@gmail.com"
        ]
    },
    {
        "artist_id": "317743vuyny6bdjjioexb4lvczni",
        "contacts": [
            "@oliver"
        ]
    },
    {
        "artist_id": "123801494",
        "contacts": [
            "@wittlowry"
        ]
    },
    {
        "artist_id": "qzpjm0swzzeakc6hi9h1hoodf",
        "contacts": [
            "@blackboxrecs"
        ]
    },
    {
        "artist_id": "slammesshare",
        "contacts": [
            "@lucaspot"
        ]
    },
    {
        "artist_id": "jonahpschl",
        "contacts": [
            "@jonahpueschel"
        ]
    },
    {
        "artist_id": "31wojo2obrdpeut7r7b6nmdpo6na",
        "contacts": [
            "@gmail",
            "Diego.klaar@gmail.com",
            "@mangyellow"
        ]
    },
    {
        "artist_id": "dionisiochase",
        "contacts": [
            "@chasebrah"
        ]
    },
    {
        "artist_id": "31rip7gowvtum7p3xomjqas763gy",
        "contacts": [
            "@JakeSilvaNYC",
            "@_FrankieSims"
        ]
    },
    {
        "artist_id": "bust-r",
        "contacts": [
            "@bustr",
            "info@bustr.com.au"
        ]
    },
    {
        "artist_id": "118432748",
        "contacts": [
            "@whoishoax"
        ]
    },
    {
        "artist_id": "11156124682",
        "contacts": [
            "@gmail",
            "dbmafiarecordings@gmail.com"
        ]
    },
    {
        "artist_id": "denniscartier",
        "contacts": [
            "https://lnk.to/cartieradio\">Cartieradio</a>",
            "https://fanlink.to/denniscartier\">Dennis"
        ]
    },
    {
        "artist_id": "paolocampidelli",
        "contacts": [
            "@Paolocampidelli_dj"
        ]
    },
    {
        "artist_id": "michaelbmmusic",
        "contacts": [
            "latinhousegang@gmail.com",
            "@gmail",
            "@michaelbmmusic"
        ]
    },
    {
        "artist_id": "tomenzy",
        "contacts": [
            "@tomenzyworld",
            "info@tomenzyworld.com",
            "info@tomenzyworld.co"
        ]
    },
    {
        "artist_id": "maukilla",
        "contacts": [
            "@gmail",
            "@Maukillamusic"
        ]
    },
    {
        "artist_id": "1189462222",
        "contacts": [
            "info@sgromusic.com",
            "@sgromusic"
        ]
    },
    {
        "artist_id": "rysevv",
        "contacts": [
            "@darius_rose_"
        ]
    },
    {
        "artist_id": "rickwonder",
        "contacts": [
            "@rickwonder"
        ]
    },
    {
        "artist_id": "sq6ht1kqv5q0oaogj98fudkb7",
        "contacts": [
            "@djmauriciocury"
        ]
    },
    {
        "artist_id": "oxygvq1hqi9wj7ew1pfwsd9r8",
        "contacts": [
            "@gmail",
            "porouchaneyporouchaney@gmail.com"
        ]
    },
    {
        "artist_id": "j72ttza0jlpian9khufwcnpd3",
        "contacts": [
            "@robylionmusic"
        ]
    },
    {
        "artist_id": "marcelovak",
        "contacts": [
            "@marcelovak"
        ]
    },
    {
        "artist_id": "3vaawe0fmmkelc0xt0s5bbz00",
        "contacts": [
            "demo@bigsmilerecords.com",
            "https://www.songrocket.com\">Submit",
            "@bigsmilerecords"
        ]
    },
    {
        "artist_id": "10qdjf8o8isdzq3wxp0tw75a5",
        "contacts": [
            "@edgaarmusic"
        ]
    },
    {
        "artist_id": "vnw5c9kb16gsbzdbzqcpa9j8v",
        "contacts": [
            "@clayclemens"
        ]
    },
    {
        "artist_id": "vi1lgc4ugtfau91w7re0nnlco",
        "contacts": [
            "@rchymusic"
        ]
    },
    {
        "artist_id": "11144754281",
        "contacts": [
            "@dj_ben_phillips",
            "@vivifierrecords",
            "benphillips@vivifierrecords.co.uk"
        ]
    },
    {
        "artist_id": "1231004877",
        "contacts": [
            "hwrdmusic@gmail.com",
            "@gmail"
        ]
    },
    {
        "artist_id": "finnmac69",
        "contacts": [
            "@hyfinnandyuthe"
        ]
    },
    {
        "artist_id": "fg6gueg4alqiiindxfc63v908",
        "contacts": [
            "submittodays@gmail.com",
            "@gmail"
        ]
    },
    {
        "artist_id": "officialbijou",
        "contacts": [
            "info@dndrecs.com",
            "@dndrecs"
        ]
    },
    {
        "artist_id": "angelothekiid",
        "contacts": [
            "@angelothekiid"
        ]
    },
    {
        "artist_id": "m2b1wi4bjjgymuip5btmdh5kd",
        "contacts": [
            "info@subsense.com.br",
            "@subsense"
        ]
    },
    {
        "artist_id": "vallesobrini",
        "contacts": [
            "@willcdj",
            "demos@willcdj.com"
        ]
    },
    {
        "artist_id": "21i7egxq6v47bg3lveil6o4jy",
        "contacts": [
            "@felixreyy"
        ]
    },
    {
        "artist_id": "97695uh0hlnq9pkkto8uym93n",
        "contacts": [
            "@gmail",
            "hellopanrecords@gmail.com"
        ]
    },
    {
        "artist_id": "ath57u6inlme703kscy02l0sg",
        "contacts": [
            "@gmail",
            "@royalesound",
            "royalecontatobr@gmail.com"
        ]
    },
    {
        "artist_id": "superlativedigital",
        "contacts": [
            "@superlative",
            "demo@superlative.su"
        ]
    },
    {
        "artist_id": "mistermaqui1",
        "contacts": [
            "@maquialvarezz"
        ]
    },
    {
        "artist_id": "jayke0108",
        "contacts": [
            "@houseium"
        ]
    },
    {
        "artist_id": "deepbear",
        "contacts": [
            "https://instagram.com/deepbearrecordings\">@deepbearrecordings</a>",
            "@deepbearrecordings"
        ]
    },
    {
        "artist_id": "36j0nr6qitkm4z8i5h3eaz1oc",
        "contacts": [
            "@bassboxrecordings",
            "http://instagram.com/bassboxrecordings\">@bassboxrecordings</a>"
        ]
    },
    {
        "artist_id": "nateowenmusic",
        "contacts": [
            "@omemofc"
        ]
    },
    {
        "artist_id": "t0vdrsqvj9aqrxxq3ml1eddj7",
        "contacts": [
            "@mixa_records"
        ]
    },
    {
        "artist_id": "knnygura",
        "contacts": [
            "@gmail",
            "knnyofficial@gmail.com"
        ]
    },
    {
        "artist_id": "n47g1p5tu5ovs1x8dmblalf7a",
        "contacts": [
            "sexychaletrecords@gmail.com",
            "@gmail"
        ]
    },
    {
        "artist_id": "whynot.music",
        "contacts": [
            "@why"
        ]
    },
    {
        "artist_id": "y0nek3j08uvds8ncnhzdeube1",
        "contacts": [
            "@jameskaduro"
        ]
    },
    {
        "artist_id": "73xve75v1zq63069qfewspls0",
        "contacts": [
            "@YUKIESURISA_",
            "@YukieSurisa_"
        ]
    },
    {
        "artist_id": "hjk494ov0rdzq7wz58el4vsk8",
        "contacts": [
            "@gmail",
            "valorizeogroove@gmail.com"
        ]
    },
    {
        "artist_id": "4djkwbl2dqnuybdxqvzht74nz",
        "contacts": [
            "@selects_music"
        ]
    },
    {
        "artist_id": "ultranovaproject",
        "contacts": [
            "@gmail",
            "purespotifypromo@gmail.com"
        ]
    },
    {
        "artist_id": "63zvcfji1r326j5r36gj13x9y",
        "contacts": [
            "@gmail",
            "chamanobass@gmail.com"
        ]
    },
    {
        "artist_id": "1141824762",
        "contacts": [
            "info@madsko.com",
            "@madsko"
        ]
    },
    {
        "artist_id": "ae5zd08gwf6y18jj8uf82ouvc",
        "contacts": [
            "https://dndrecs.com\">Here</a>"
        ]
    },
    {
        "artist_id": "129743608",
        "contacts": [
            "@ChuckShadow"
        ]
    },
    {
        "artist_id": "wedamnz",
        "contacts": [
            "@gmail",
            "demo.selects@gmail.com"
        ]
    },
    {
        "artist_id": "djprinsh",
        "contacts": [
            "@djprinsh"
        ]
    },
    {
        "artist_id": "globalmusicx",
        "contacts": [
            "@baladabrmusic"
        ]
    },
    {
        "artist_id": "pjwwcxtxfqu0uld2c3p3hsm37",
        "contacts": [
            "@alandemusic"
        ]
    },
    {
        "artist_id": "houseofhustle",
        "contacts": [
            "info@houseofhustle.co",
            "@houseofhustle"
        ]
    },
    {
        "artist_id": "djkubamusic",
        "contacts": [
            "https://www.facebook.com/djkubaneitan/?fref=ts\">DJ"
        ]
    },
    {
        "artist_id": "groove_cartel",
        "contacts": [
            "https://www.facebook.com/groovecartelmusic/\">The"
        ]
    },
    {
        "artist_id": "tropikult",
        "contacts": [
            "http://v.ht/thebasstrap\">Submit",
            "https://www.facebook.com/werenotfriends/\">We're",
            "https://www.facebook.com/tyylerb\">Tyyler"
        ]
    },
    {
        "artist_id": "homerun_house",
        "contacts": [
            "info@homerunhouse.com",
            "@homerunhouse",
            "https://exit.sc/?url=http%3A%2F%2Fbit.ly%2Fhrhdemo\">bit.ly/hrhdemo</a>",
            "http://info@homerunhouse.com\">info@homerunhouse.com</a>"
        ]
    },
    {
        "artist_id": "gmafiarecords",
        "contacts": [
            "@gmafiarecords"
        ]
    },
    {
        "artist_id": "dscvrnt",
        "contacts": [
            "http://fyemusic.co\">FYE"
        ]
    },
    {
        "artist_id": "blazing_network",
        "contacts": [
            "@gmail",
            "teo@nbmusic.it",
            "spotthex.network@gmail.com",
            "@nbmusic"
        ]
    },
    {
        "artist_id": "noirsurblancrecords",
        "contacts": [
            "@noirsurblancrecords",
            "charles@noirsurblancrecords.com"
        ]
    },
    {
        "artist_id": "kyroscollective",
        "contacts": [
            "@kyroscollective",
            "promo@kyroscollective.com"
        ]
    },
    {
        "artist_id": "augmentedmusic",
        "contacts": [
            "https://goo.gl/pUupnw\">Click"
        ]
    },
    {
        "artist_id": "kernkraftrecords",
        "contacts": [
            "@kernkraftrecords",
            "info@kernkraftrecords.com"
        ]
    },
    {
        "artist_id": "fatsteprecords",
        "contacts": [
            "https://www.fatstep.com\">Fatstep.com</a>",
            "https://www.fatstep.com\">Fatstep.com</a>."
        ]
    },
    {
        "artist_id": "1153405854",
        "contacts": [
            "http://www.mikedestiny.com\">Handpicked</a>."
        ]
    },
    {
        "artist_id": "electronyzemerecords",
        "contacts": [
            "@electronyzeme"
        ]
    },
    {
        "artist_id": "6igangu5",
        "contacts": [
            "https://soundcloud.com/6ig-angu5-selected\">Selected</a>"
        ]
    },
    {
        "artist_id": "thomasdeilmusic",
        "contacts": [
            "tom@thomasdeil.com",
            "@thomasdeil"
        ]
    },
    {
        "artist_id": "zildeep",
        "contacts": [
            "https://zil.global\">Work"
        ]
    },
    {
        "artist_id": "officialmustdie!",
        "contacts": [
            "http://hyperfuturetour.com\">hyperfuturetour.com</a>"
        ]
    },
    {
        "artist_id": "earcvndy",
        "contacts": [
            "submissions@sadflex.com",
            "@sadflex",
            "@saflex",
            "Submissions@saflex.com",
            "@iamuhlone"
        ]
    },
    {
        "artist_id": "hnbelowthesurface",
        "contacts": [
            "@aboveandbelow"
        ]
    },
    {
        "artist_id": "bedroomtrap",
        "contacts": [
            "@BEDROOMTRAP",
            "INFO@BEDROOMTRAP.COM"
        ]
    },
    {
        "artist_id": "vero-musique",
        "contacts": [
            "@pabelspabels"
        ]
    },
    {
        "artist_id": "spottedrecords",
        "contacts": [
            "nathan@spottedrecords.com",
            "@spottedrecords"
        ]
    },
    {
        "artist_id": "dreaminglux",
        "contacts": [
            "dreamingluxaudio@gmail.com",
            "@gmail"
        ]
    },
    {
        "artist_id": "beatboutiquemusic",
        "contacts": [
            "https://www.youtube.com/user/chillhousemix\">YOUTUBE</a>"
        ]
    },
    {
        "artist_id": "ianstormofficial",
        "contacts": [
            "submissions@stormmusicgroup.com",
            "@stormmusicgroup"
        ]
    },
    {
        "artist_id": "22prcr3fhf5dfontwscf5f76y",
        "contacts": [
            "@lemoz_"
        ]
    },
    {
        "artist_id": "cedric.rochat",
        "contacts": [
            "@spoke_productions"
        ]
    },
    {
        "artist_id": "maxximizerecords",
        "contacts": [
            "https://www.facebook.com/maxximizerecords/\">Maxximize"
        ]
    },
    {
        "artist_id": "prettypinkde",
        "contacts": [
            "http://www.deepwoods.de\">www.deepwoods.de</a>"
        ]
    },
    {
        "artist_id": "wizkhalifaofficial",
        "contacts": [
            "https://instagram.com/WizKhalifa\">@WizKhalifa</a>",
            "@WizKhalifa"
        ]
    }
]